{
	"format_version": "1.8.0",
	"animations": {
		"idle": {
			"loop": true,
			"animation_length": 4,
			"override_previous_animation": true,
			"bones": {
				"leftwing_bone": {
					"rotation": {
						"0.0": {
							"vector": [0, 0, 0],
							"easing": "bezier",
							"left": [0, 0, 0],
							"left_time": [-0.1, -0.1, -0.1],
							"right": [0, 0, 0],
							"right_time": [0.1, 0.1, 0.1]
						},
						"0.0417": [0, 0, 0.7281],
						"0.0833": [0, 0, 2.17945],
						"0.125": [0, 0, 3.94865],
						"0.3333": [0, 0, 14.11087],
						"0.375": [0, 0, 16.05135],
						"0.4167": [0, 0, 17.82055],
						"0.4583": [0, 0, 19.2719],
						"0.5": {
							"vector": [0, 0, 20],
							"easing": "bezier",
							"left": [0, 0, 0],
							"left_time": [-0.1, -0.1, -0.1],
							"right": [0, 0, 0],
							"right_time": [0.1, 0.1, 0.1]
						},
						"0.5417": [0, 0, 19.2719],
						"0.5833": [0, 0, 17.82055],
						"0.625": [0, 0, 16.05135],
						"0.8333": [0, 0, 5.88913],
						"0.875": [0, 0, 3.94865],
						"0.9167": [0, 0, 2.17945],
						"0.9583": [0, 0, 0.7281],
						"1.0": {
							"vector": [0, 0, 0],
							"easing": "bezier",
							"left": [0, 0, 0],
							"left_time": [-0.1, -0.1, -0.1],
							"right": [0, 0, 0],
							"right_time": [0.1, 0.1, 0.1]
						},
						"1.0417": [0, 0, 0.7281],
						"1.0833": [0, 0, 2.17945],
						"1.125": [0, 0, 3.94865],
						"1.3333": [0, 0, 14.11087],
						"1.375": [0, 0, 16.05135],
						"1.4167": [0, 0, 17.82055],
						"1.4583": [0, 0, 19.2719],
						"1.5": {
							"vector": [0, 0, 20],
							"easing": "bezier",
							"left": [0, 0, 0],
							"left_time": [-0.1, -0.1, -0.1],
							"right": [0, 0, 0],
							"right_time": [0.1, 0.1, 0.1]
						},
						"1.5417": [0, 0, 19.2719],
						"1.5833": [0, 0, 17.82055],
						"1.625": [0, 0, 16.05135],
						"1.8333": [0, 0, 5.88913],
						"1.875": [0, 0, 3.94865],
						"1.9167": [0, 0, 2.17945],
						"1.9583": [0, 0, 0.7281],
						"2.0": {
							"vector": [0, 0, 0],
							"easing": "bezier",
							"left": [0, 0, 0],
							"left_time": [-0.1, -0.1, -0.1],
							"right": [0, 0, 0],
							"right_time": [0.1, 0.1, 0.1]
						},
						"2.0417": [0, 0, 0.7281],
						"2.0833": [0, 0, 2.17945],
						"2.125": [0, 0, 3.94865],
						"2.3333": [0, 0, 14.11087],
						"2.375": [0, 0, 16.05135],
						"2.4167": [0, 0, 17.82055],
						"2.4583": [0, 0, 19.2719],
						"2.5": {
							"vector": [0, 0, 20],
							"easing": "bezier",
							"left": [0, 0, 0],
							"left_time": [-0.1, -0.1, -0.1],
							"right": [0, 0, 0],
							"right_time": [0.1, 0.1, 0.1]
						},
						"2.5417": [0, 0, 19.2719],
						"2.5833": [0, 0, 17.82055],
						"2.625": [0, 0, 16.05135],
						"2.8333": [0, 0, 5.88913],
						"2.875": [0, 0, 3.94865],
						"2.9167": [0, 0, 2.17945],
						"2.9583": [0, 0, 0.7281],
						"3.0": {
							"vector": [0, 0, 0],
							"easing": "bezier",
							"left": [0, 0, 0],
							"left_time": [-0.1, -0.1, -0.1],
							"right": [0, 0, 0],
							"right_time": [0.1, 0.1, 0.1]
						},
						"3.0417": [0, 0, 0.7281],
						"3.0833": [0, 0, 2.17945],
						"3.125": [0, 0, 3.94865],
						"3.3333": [0, 0, 14.11087],
						"3.375": [0, 0, 16.05135],
						"3.4167": [0, 0, 17.82055],
						"3.4583": [0, 0, 19.2719],
						"3.5": {
							"vector": [0, 0, 20],
							"easing": "bezier",
							"left": [0, 0, 0],
							"left_time": [-0.1, -0.1, -0.1],
							"right": [0, 0, 0],
							"right_time": [0.1, 0.1, 0.1]
						},
						"3.5417": [0, 0, 19.2719],
						"3.5833": [0, 0, 17.82055],
						"3.625": [0, 0, 16.05135],
						"3.8333": [0, 0, 5.88913],
						"3.875": [0, 0, 3.94865],
						"3.9167": [0, 0, 2.17945],
						"3.9583": [0, 0, 0.7281],
						"4.0": {
							"vector": [0, 0, 0],
							"easing": "bezier",
							"left": [0, 0, 0],
							"left_time": [-0.1, -0.1, -0.1],
							"right": [0, 0, 0],
							"right_time": [0.1, 0.1, 0.1]
						}
					}
				},
				"rightwing_bone": {
					"rotation": {
						"0.0": {
							"vector": [0, 0, 0],
							"easing": "bezier",
							"left": [0, 0, 0],
							"left_time": [-0.1, -0.1, -0.1],
							"right": [0, 0, 0],
							"right_time": [0.1, 0.1, 0.1]
						},
						"0.0417": [0, 0, -0.7281],
						"0.0833": [0, 0, -2.17945],
						"0.125": [0, 0, -3.94865],
						"0.3333": [0, 0, -14.11087],
						"0.375": [0, 0, -16.05135],
						"0.4167": [0, 0, -17.82055],
						"0.4583": [0, 0, -19.2719],
						"0.5": {
							"vector": [0, 0, -20],
							"easing": "bezier",
							"left": [0, 0, 0],
							"left_time": [-0.1, -0.1, -0.1],
							"right": [0, 0, 0],
							"right_time": [0.1, 0.1, 0.1]
						},
						"0.5417": [0, 0, -19.2719],
						"0.5833": [0, 0, -17.82055],
						"0.625": [0, 0, -16.05135],
						"0.8333": [0, 0, -5.88913],
						"0.875": [0, 0, -3.94865],
						"0.9167": [0, 0, -2.17945],
						"0.9583": [0, 0, -0.7281],
						"1.0": {
							"vector": [0, 0, 0],
							"easing": "bezier",
							"left": [0, 0, 0],
							"left_time": [-0.1, -0.1, -0.1],
							"right": [0, 0, 0],
							"right_time": [0.1, 0.1, 0.1]
						},
						"1.0417": [0, 0, -0.7281],
						"1.0833": [0, 0, -2.17945],
						"1.125": [0, 0, -3.94865],
						"1.3333": [0, 0, -14.11087],
						"1.375": [0, 0, -16.05135],
						"1.4167": [0, 0, -17.82055],
						"1.4583": [0, 0, -19.2719],
						"1.5": {
							"vector": [0, 0, -20],
							"easing": "bezier",
							"left": [0, 0, 0],
							"left_time": [-0.1, -0.1, -0.1],
							"right": [0, 0, 0],
							"right_time": [0.1, 0.1, 0.1]
						},
						"1.5417": [0, 0, -19.2719],
						"1.5833": [0, 0, -17.82055],
						"1.625": [0, 0, -16.05135],
						"1.8333": [0, 0, -5.88913],
						"1.875": [0, 0, -3.94865],
						"1.9167": [0, 0, -2.17945],
						"1.9583": [0, 0, -0.7281],
						"2.0": {
							"vector": [0, 0, 0],
							"easing": "bezier",
							"left": [0, 0, 0],
							"left_time": [-0.1, -0.1, -0.1],
							"right": [0, 0, 0],
							"right_time": [0.1, 0.1, 0.1]
						},
						"2.0417": [0, 0, -0.7281],
						"2.0833": [0, 0, -2.17945],
						"2.125": [0, 0, -3.94865],
						"2.3333": [0, 0, -14.11087],
						"2.375": [0, 0, -16.05135],
						"2.4167": [0, 0, -17.82055],
						"2.4583": [0, 0, -19.2719],
						"2.5": {
							"vector": [0, 0, -20],
							"easing": "bezier",
							"left": [0, 0, 0],
							"left_time": [-0.1, -0.1, -0.1],
							"right": [0, 0, 0],
							"right_time": [0.1, 0.1, 0.1]
						},
						"2.5417": [0, 0, -19.2719],
						"2.5833": [0, 0, -17.82055],
						"2.625": [0, 0, -16.05135],
						"2.8333": [0, 0, -5.88913],
						"2.875": [0, 0, -3.94865],
						"2.9167": [0, 0, -2.17945],
						"2.9583": [0, 0, -0.7281],
						"3.0": {
							"vector": [0, 0, 0],
							"easing": "bezier",
							"left": [0, 0, 0],
							"left_time": [-0.1, -0.1, -0.1],
							"right": [0, 0, 0],
							"right_time": [0.1, 0.1, 0.1]
						},
						"3.0417": [0, 0, -0.7281],
						"3.0833": [0, 0, -2.17945],
						"3.125": [0, 0, -3.94865],
						"3.3333": [0, 0, -14.11087],
						"3.375": [0, 0, -16.05135],
						"3.4167": [0, 0, -17.82055],
						"3.4583": [0, 0, -19.2719],
						"3.5": {
							"vector": [0, 0, -20],
							"easing": "bezier",
							"left": [0, 0, 0],
							"left_time": [-0.1, -0.1, -0.1],
							"right": [0, 0, 0],
							"right_time": [0.1, 0.1, 0.1]
						},
						"3.5417": [0, 0, -19.2719],
						"3.5833": [0, 0, -17.82055],
						"3.625": [0, 0, -16.05135],
						"3.8333": [0, 0, -5.88913],
						"3.875": [0, 0, -3.94865],
						"3.9167": [0, 0, -2.17945],
						"3.9583": [0, 0, -0.7281],
						"4.0": {
							"vector": [0, 0, 0],
							"easing": "bezier",
							"left": [0, 0, 0],
							"left_time": [-0.1, -0.1, -0.1],
							"right": [0, 0, 0],
							"right_time": [0.1, 0.1, 0.1]
						}
					}
				},
				"gear2": {
					"rotation": {
						"0.0": {
							"vector": [-360, 0, 0]
						},
						"4.0": {
							"vector": [90, 0, 0]
						}
					}
				}
			}
		}
	},
	"geckolib_format_version": 2
}